num,url
1,https://www.youtube.com/watch?v=bOKd1ik7cak
2,https://www.youtube.com/watch?v=67C_nV1w2FE
3,https://www.youtube.com/watch?v=Cags46t-Zds
4,https://www.youtube.com/watch?v=1anv9pEy0k0
5,https://www.youtube.com/embed/48KjeTeWe7Y
6,https://www.youtube.com/watch?v=V2ehveNOMJY
7,https://www.youtube.com/watch?v=XrGYTumFdv8
8,https://www.youtube.com/watch?v=iP8J35dZ_W4
9,https://www.youtube.com/watch?v=fBP6qTc_fGU
10,https://www.youtube.com/watch?v=d7YvGX3oi3A
11,https://www.youtube.com/watch?v=0lKoNprNZmo
12,https://www.youtube.com/watch?v=zCMIH9ICYts
13,https://www.youtube.com/watch?v=SX0VPOceLLY
14,https://www.youtube.com/watch?v=JLgGWBvH_Sk
17,https://www.youtube.com/watch?v=53yPfrqbpkE
18,https://www.youtube.com/watch?v=mgWgMnNcjXw
19,https://www.youtube.com/watch?v=c-_VeXhHnIg
20,https://www.youtube.com/watch?v=lBVtvOpU80Q
21,https://www.youtube.com/watch?v=_s7_ZiGaUwc
22,https://www.youtube.com/watch?v=8KhR59S9_rM
23,https://www.youtube.com/watch?v=ANuztrgiHLQ
24,https://www.youtube.com/watch?v=JpTDF4w-6Yc
25,https://www.youtube.com/watch?v=cEdKpEQfDik
26,https://www.youtube.com/watch?v=DzOgQVCFcYA
27,https://www.youtube.com/watch?v=Of39LKmX6iM
28,https://www.youtube.com/watch?v=48KjeTeWe7Y
29,"Information Technology Advisory Commission - March 24, 2021 - YouTube"
30,2023 Arlington Engagement Brigade Information Session on 12/8/2022 - YouTube